Chem_name,SimpleTruth,Dial,Dove,Native,S1_Cntrl_201103,S1_Cntrl_201110,S1_Cntrl_201111,S1_Cntrl_201112,S1_SimpleTruth_201111,S1_Dial_201112,S1_Dove_201103,S1_Native_201110,S1SimpleTruth_210317,S1Dial_210317,S1Dove_210223,S1Native_210312,S1SimpleTruth_210318,S1Dial_210318,S1Dove_210317,S1Native_210317,S2_Cntrl_201117,S2_Cntrl_201125,S2_Cntrl_201208,S2_Cntrl_201209,S2_SimpleTruth_201117,S2_Dial_201209,S2_Dove_201208,S2_Native_211125,S2SimpleTruth_210303,S2Dial_210224,S2Dove_210224,S2Native_210303,S2SimpleTruth_210308,S2Dial_210308,S2Dove_210308,S2Native_210308,S3_Cntrl_201118,S3_Cntrl_201119,S3_Cntrl_201209,S3_Cntrl_201211,S3_SimpleTruth_201209,S3_Dial_201118,S3_Dove_201211,S3_Native_201119,S3SimpleTruth_210302,S3Dial_210311,S3Dove_210311,S3Native_210302,S3SimpleTruth_210309,S3Dial_210318,S3Dove_210318,S3Native_210309,S4_Cntrl_201204,S4_Cntrl_201207,S4_Cntrl_201201,S4_Cntrl_201203,S4_SimpleTruth_201203,S4_Dial_201204,S4_Dove_201207,S4_Native_201201,S4SimpleTruth_210223,S4Dial_210222,S4Dove_210222,S4Native_210223,S4SimpleTruth_210316,S4Dial_210226,S4Dove_210226,S4Native_210316,New_sample
alpha-Terpinene,0,8.695,2.661,0,0,0,0,0,0,0,0,0,0,2.397,0,0,0,0,0,0,0,0,0,0,0,0,0,0,0,0,0,0,0,0,0,0,0,0,0,0,0,0,0,0,0,0,0,0,0,0,0,0,0,0,0,0,0,0,0,0,0,9.723,0,0,0,0,0,0,0
"(7a-Isopropenyl-4,5-dimethyloctahydroinden-4-yl)methanol",0,1.104,7.487,0,0,0,0,0,0,0,0,0,0,4.053,0,0,0.552,1.3780000000000001,69.357,0,0,0,0,0,0,0,0,0,0,1.4779999999999998,1.217,0,0,0,0,0,0,0,0,0,0,0,0,0,0,0,2.454,0,0,0,0,0,0,0,0,0,0,0,0,0,0,0,0,0,0,0,0,0,0
"(E)-2-((8R,8aS)-8,8a-Dimethyl-3,4,6,7,8,8a-hexahydronaphthalen-2(1H)-ylidene)propanal",0,0,0,0,0,0,0,0,0,0,0,0,0,0,2.1470000000000002,0,0,0,0,0,0,0,0,0,0,0,0,0,0,0,3.263,0,0,0,0,0,0,0,0,0,0,0,1.303,0,0,0,0,0,0,0,0,0,0,0,0,0,0,0,0,0,0,0,2.195,0,0,0,0,0,0
(R)-(-)-(Z)-14-Methyl-8-hexadecen-1-ol,0,0,0,0,0,0,0,0,0.107,0,0,0,0,0,0,0,0,0,0,0,0.107,0.13,0,0,0,0,0,0,0,0,0,0,0,0,0,0,0,0,0.16,0,0,0,0,0,1.116,0,0,0,0,0,0,0,0,0,0,0,0,0,0,0,0,0,0,0,0,0,0,0,0.107
"(Z)-2,2-Dimethyl-3-(3-methylpenta-2,4-dien-1-yl)oxirane",0,0,0,0,0,0,0,0,0,0,0,0,0,0,0,0,0,0,0,1.072,0,0,0,0,0,0,0,0,0,0,0,1.137,0,1.0030000000000001,1.271,0.742,0,0,0,0,0,0,0,0,14.744,3.082,0,1.605,0,0,0,0,0,0,0,0,0,0,0,0,1.7100000000000002,0,0,5.953,0,2.248,1.8079999999999998,1.2149999999999999,0
1-(1-Methoxypropan-2-yloxy)propan-2-yl acetate,0,0,0,0,0,0,0,0,0,0,0,0,0,0,0,0,0,0,0,0,0,0,0,0,0,0,0,0,0,0,0,0,0,0,0,0,0,0,0,0,0,0,0,0,0,0,0,0,0,0,0,0,0,0.491,0,0,0,0,0,0,0,0,0,18.793,0,0,0,0,18.792999999999999
"1-Decanol, 2-hexyl-",0,0,0,0,0,0,0,0,0,0,0,0,0,0,0,0,0,0,0,0,0,0,0.111,0,0,0.405,0.218,0,0,0,0,0,0,0,0,0,0,0,0,0,0,0,0,0,0,0,0,0,0,0,0,0,0,0.823,0,0.34299999999999997,0,0.491,0.159,0,0,0,0,0,0,0,0,0,0
1-Dodecanol,4.0810000000000004,4.504,2.36,2.964,0,0,2.7510000000000003,0,3.476,0.538,0,0,0.9139999999999999,1.443,0.806,0,1.749,0.656,12.883,0.832,0,0.524,0,0,0,0,0,1.066,0.953,2.5740000000000003,2.315,2.121,4.17,1.924,0.9650000000000001,4.17,0,0,0,0,0.532,0,0,0,0,0,0,0,0,0,9.968,2.799,0,0.851,0,0,0,0,0,0,0,3.032,0,0,0,0,0,0,0.96500000000000008
1-Hexadecanol,0,1.991,0,0,0,0,0,0.131,0,0,0,0.174,0,0,0,0,0,0,0,0,0,0,0,0,0,0,0,0,0,0,0,0,0,0,0,0,0,0,0.23199999999999998,0,0,0,0,0,0,0,0,0,0,0,0,14.058,0,0,0,0,0,0,0,0,0,0,0,0,0,0,0,0,0
"1-Penten-3-one, 1-(2,6,6-trimethyl-1-cyclohexen-1-yl)-",0,9.499,23.149,0,0,0,0,0,0,2.784,1.938,0,0,10.346,14.126000000000001,0,0,3.149,162.152,0,0,0,0,0,0,6.555999999999999,5.07,0,0,13.468,18.278000000000002,0,0,5.435,22.864,0,0,0,0,0,0,4.47,5.8469999999999995,0,0,0,6.887,0,0,4.47,269.022,0,0,0,0,0,0,2.413,10.275,0,0,20.429,4.776,0,0,0,3.6149999999999998,0,4.47
"1,3-Diacetin",0,0,3.276,0,0,0,0,0,0,0,0,0,0,0,0,0,0.567,0,0,0,0,0,0,0,0,0,0,0,0,0,0,0.852,0,0,1.6680000000000001,0,0,0,0.255,0.287,0.396,0,0.346,0,0,0,0.5559999999999999,0,0,0,0,2.1,0,0,0,0,0,0,0,0,0,0,1.363,0,0,0,0,0,0
"1,5,7-Octatrien-3-ol, 2,6-dimethyl-",0,0,0,0,0,0,0,0,0,0,0,0,1.212,0,0,0.531,0,0,0,0,0,0,0,0,0,0,0,0,0.607,0,0,0.613,0,0,0,0,0,0,0,0,0,0,0,0,13.758,0.931,0.635,0.5559999999999999,0.516,0,0,1.855,0,0,0,0,0,0,0,0,0.5680000000000001,0,0,0,0,0,0.732,0,1.212
11-Methyldodecanol,0,0,0,0,0,0,0,0,0,0,0,0,0,0,0,0,0,0,0,0,0,0,0.921,0,0,3.593,1.6239999999999999,0,0,0,0,0,0,0,0,0,0,0,0,0,0,0,0,0,0,0,0,0,0,0,0,0,0,0,0,0,0,0,0,0,0,0,0,0,0,0,0,0,0
"1H-3a,7-Methanoazulene, 2,3,6,7,8,8a-hexahydro-1,4,9,9-tetramethyl-, (1a,3aa,7a,8a√ü)-",0,0,35.657000000000004,0,0,0,0,0,0,0,0,0,0,0,0,0,0,0,32.158,0,0,0,0,0,0,0,0,0,0,0,0,0,0,0,5.468,0,0,0,0,0,0,0,0,0,0,0,0,0,0,0,32.407,0,0,0,0,0,0,0,0,0,0,0,0,0,0,0,0,0,0
"2-(4a,8-Dimethyl-6-oxo-1,2,3,4,4a,5,6,8a-octahydro-naphthalen-2-yl)-propionaldehyde",0,1.2970000000000002,1.974,0,0,0,0,0,0,0.525,0,0,0,1.6600000000000001,0.836,0,0,0.675,23.477,0,0,0,0,0,0,1.4480000000000002,1.494,0,0,0,1.135,0,0,2.7239999999999998,1.513,0,0,0,0,0,0,0.7929999999999999,0.436,0,1.102,1.369,0,0,0,0.7929999999999999,38.955,0,0,0,0,0,0,0.524,0.718,0,0,16.497,0,0,0,0,0,0,0
"2-Butanone, 4-(2,6,6-trimethyl-1-cyclohexen-1-yl)-",0,0,2.1,0,0,0,0,0,0,0,0.20299999999999999,0,0,0,3.436,0,0,0,44.93299999999999,0,0,0,0,0,0,0,1.3439999999999999,0,0,0,5.406,0,0,0,4.469,0,0,0,0,0,0,0,1.323,0,0,0,1.1949999999999998,0,0,0,49.711,0,0,0,0,0,0,0,2.413,0,0,0,2.016,0,0,0,0.752,0,0
"2-Piperidinone, N-[4-bromo-n-butyl]-",0,0,0,0,0,0,0.403,0,0,0,0,0,0,0,0,0,0,0,0,0,0,0.22100000000000003,0,0,0.179,1.102,0,0,0,0,0,0,0,0,0,0,0,0,0.166,0.28,0.16699999999999998,0,0,0,2.8339999999999996,0,0,0,0.603,0,0,0,0,0,0,0,0,0,0,0,0,0,0,0,0,0,0,0,0.16600000000000001
"2,2,4-Trimethyl-1,3-pentanediol diisobutyrate",0,0,0,0,0,0,0,0,0,0,0,0,0,0.775,1.6900000000000002,0,0,0,0,0,0,0.597,0,0,0,0,0,0.747,0,0,1.3860000000000001,1.554,2.156,1.12,1.5,2.156,0,0,0,0,0,0,0,0,0,0,0,0,0,0,0,0,0,0,0,0,0,0,0,0,0.78,3.4560000000000004,0,0,0,0,0,0,0
"2,2,7,7-Tetramethyltricyclo[6.2.1.0(1,6)]undec-4-en-3-one",0,0,0,0,0,0,0,0,0,0.363,0,0,0,0,0,0,0.581,0,0,0,0,0,0,0,0,0,0,0.194,0,0,0,0.7679999999999999,0,0.6679999999999999,0,0,0,0,0,0,0.356,0,0,0,0,0.9039999999999999,1.367,0,0.5700000000000001,0,0,2.1,0.287,0,0,0,0,0,0,0,0,0,0,3.831,0,0,0,0,0
"2,3-Nonadiene",0,0,0,0,0,0,0,0,0,0,0,0,0,0,0,0,0,0,0,0,0,0,0,0,0,0,0,0,0,0,0,0,0,0,0,0,0,0,0,0,0,0,0,0,0,0,0,1.7199999999999998,2.107,0,0,2.06,0,0,0,0,0,0,0,0,0,0,0,0,0,0,0.512,0,0
"2,4,4,6,6,8,8-Heptamethyl-1-nonene",0,0,0,0,0.15800000000000003,0,0,0,0,0,0.159,0,0,0,0,0,0,0,0,0,0,0,0,0,0.127,0,0,0,0,0,0,0,0,0,0,0,0.138,0,0,0.086,0.08399999999999999,0,0.10099999999999999,0,1.42,0,0,0,0,0,0,0,0,0,0,0,0,0,0,0,0,0,0,0,0,0,0,0,0
"2,4,4,6,6,8,8-Heptamethyl-2-nonene",0,0,0,0,0.106,0,0,0,0,0.126,0.359,0,0,0,0,0,0,0,0,0,0,0.107,0,0,0.171,0,0,0.165,0,0,0.54,0,0,0,0,0,0.10099999999999999,0.097,0.106,0,0.20500000000000002,0.089,0.154,0,1.533,0,0,0,0,0,0,0,0,0,0.198,0.198,0,0,0,0,0,0,0,0,0,0,0,0,0.19800000000000001
"2,6-Di-tert-butyl-4-hydroxy-4-methylcyclohexa-2,5-dien-1-one",1.0879999999999999,0,0,0,0,0,0.15699999999999997,0,0.12200000000000001,0,0,0,0,0,0,0,0.6519999999999999,0,4.283,0,0,0,0,0,0.114,0,0,0,0,0,0.878,0,0,0,0,0,0,0,0,0,0.15800000000000003,0,0.363,0,24.365000000000002,0,0.654,0,0,0,6.394,3.0620000000000003,0,0,0,0,0,0,0,0,0,0,0,0,0,0,0,0,0
"2(3H)-S3ranone, dihydro-5-pentyl-",1.143,0,0,81.875,0,0,0,0,0,0,0,1.132,0,0,0,2,0,0,0,11.379,0,0,0,0,0,0,0,2.31,0,0,0,2.471,0,0,0,1.463,0,0,0,0,0,0,0,0.766,0,0.801,0,0,0,0,0,11.886000000000001,0,0,0,0,0,0,0,0,0,0,0,74.089,0,0,0,11.51,0
"3-Buten-2-one, 4-(2,5,6,6-tetramethyl-1-cyclohexen-1-yl)-",0,0,0,0,0.09,0,0.283,0.15,0,0.635,0.114,0.10500000000000001,0,0,4.644,0,0,0,0,0,0,0,0,0,0,0,0,0,0,6.823,6.164,0,0,0,7.26,0,0,0.15699999999999997,0,0,0,0.378,0,0,0,0.716,0,0,0,0,0,0,0,0,0,0,0,0.6819999999999999,0,0,0,0,1.645,0,0,1.686,1.433,0,7.26
"3-Buten-2-one, 4-(6,6-dimethyl-1-cyclohexen-1-yl)-",0,0,0,0,0,0,0,0,0,0,0,0,0,0,1.698,0,0,0,25.258,0,0,0,0,0,0,0,0,0,0,0,2.941,0,0,0,2.476,0,0,0,0,0,0,0,0,0,0,0,0,0,0,0,25.642999999999997,0,0,0,0,0,0,0,0,0,0,0,0,0,0,0,0,0,0
"3-Dodecene, (Z)-",0,1.724,0,0,0,0,0,0,0.134,0.606,0,0,0,0.608,0,0,0,0,0,0,0,0,0,0,0,0,0,0,0,0,0,0,0,0,0,0,0,0,0,0,0,0,0,0,0,0,0,0,0,0,0,0,0,0,0,0,0,0,0,0,0,3.0780000000000003,0,0,0,0,0,0,0
"4-(3,3-Dimethyl-but-1-ynyl)-4-hydroxy-2,6,6-trimethylcyclohex-2-enone",0,0,3.0620000000000003,0,0,0,0,0,0,0,0.222,0,0,1.403,1.9809999999999999,0,0,0,21.762999999999998,0,0,0,0,0,0,0.917,0.828,0,0,1.7069999999999999,3.638,0,0,0.871,3.2560000000000002,0,0,0,0,0,0,0,0.888,0,0,0,0,0,0,0,27.949,0,0,0,0,0,0,0.358,2.4,0,0,0,0.7489999999999999,0,0,0,0.949,0,0
4-(Prop-2-enoyloxy)octane,0,0,0,0,0,0,0,0,0,0,0,0,0,0,0,0,0,0,0,0,0.161,0.189,0,0,0,0,0,0,0,0,0,0,0,0,0,0,0,0.118,0.107,0,0,0,0,0,0,0,0,0,0,0,0,0,0,0,0,0.274,0,0,0,0,0,0,0,0,0,0,0,0,0
4-Chloro-3-n-hexyltetrahydropyran,0,0,0,0,0,0,0,0,0.382,0,0,0,0,0,0,0,0,0,0,0,0,0,0,0,0,0,0,0,0,0,0,0,0,0,0,0,0,0,0,0,0,0,0,0,0,0,0,0,0,0,0,0,0,0,0,0,0,0,0,0,0,0,0,0,0,0,0,0,0
"4-Isopropyl-1,3-cyclohexanedione",0,0,0,0,0,0,0,0,0.248,0,0,0,0,0,1.189,0,0,0,4.8549999999999995,0,0,0,0,0,0,0,0,0,0,2.266,0,0,0,0,0.654,0,0,0,0,0,0,0,0.182,0,0,0,0,0,0,0,0,0,0,0,0,0,0,0,0,0,0,0,0,0,0,0,0,0,0
4-tert-Butylcyclohexyl acetate,0,18.698,0,0,0,0,0,0,0,23.173,0,0,0,60.916,0,0,0,2.645,13.136000000000001,0,0,0,0,0,0,9.891,0,0,0,33.896,0.999,0,0,7.223000000000001,1.3519999999999999,0,0,0,0,0,0,0.603,0,0,0,0.9099999999999999,0,0,0,0.603,13.126999999999999,0,0,0,0,0,0,15.754999999999999,0,0,0,578.001,0.717,0,0,7.178,0,0,0
"5-Hepten-2-one, 6-methyl-",0,0,0,0,2.036,2.271,0,1.1179999999999999,0,0,0.786,1.4580000000000002,0,0,0,0,0,0,0,0,0,3.023,0,0,0,0,0,4.5200000000000005,0,0,0,0,0,0,0,0,0,2.235,2.804,2.21,2.1990000000000003,2.295,2.681,1.58,17.839,4.069999999999999,0,0,0,0,0,0,0,0,0,0,0,0,0,0,0,0,0,0,0,0,0,0,0
"5,9-Undecadien-2-one, 6,10-dimethyl-, (E)-",0,0,0,0,0.635,0,1.3239999999999998,0,0.977,0.66,0.545,0,0,1.4680000000000002,0,2.473,1.525,0,0,0,0,0,0,1.481,0.827,0,1.3719999999999999,0,0,2.9459999999999997,3.699,0,0,0,0,0,0.43499999999999994,0.823,2.501,2.626,0,0,0,0,0,0,5.257,0,0,0,12.565999999999999,0,0,0,0,0,0,0.538,0,0,0,0,0,0,0,1.139,0,1.212,0
"5,9-Undecadien-2-one, 6,10-dimethyl-, (Z)-",0,0,0,0,0,0.888,0,1.31,0,0,0,0.99,1.113,0,4.556,0,0,0.77,0,0.764,1.233,2.6929999999999996,2.333,0,0,2.0780000000000003,0,2.823,2.359,0,0,3.0020000000000002,4.88,4.053,3.786,0,0,0,0,0,2.59,1.116,1.4929999999999999,0.528,0,0,0,1.0230000000000001,1.429,0,0,12.399000000000001,0.5589999999999999,1.245,0,0.235,0,0,0,0,1.392,3.005,0,7.024,1.221,0,1.145,0,0
"6-Nonenal, (E)-",0,0,0,0,0.173,0,0,0,0,0,0.288,0,0,0,0,0,0,0,0,0,0.366,0,0,0,0.377,0,0,0,1.236,0,0,0,0,0,0,0,0.294,0,0,0,0,0,0,0.502,0,0,0,0,0,0,0,2.6790000000000003,0,0,0,0,0,0,0,0,0.76,0,0,0,0,0,0,0,0
"7-Acetyl-6-ethyl-1,1,4,4-tetramethyltetralin",0,0,0,0,0,0,0,0,0,0.5680000000000001,0,0,0,0,0,0,0,1.605,0,0,0,0.133,0,0,0.1,0,0,0.23900000000000002,0,0,0,0,0,1.7730000000000001,0,0,0,0,0,0,0,1.6189999999999998,0,0,1.782,1.612,0,0,0,1.6189999999999998,0,0,0,0,0,0,0,0.949,0,0,0,4.624,0,0,0,0,0,0,0
"7-Octen-2-ol, 2,6-dimethyl-",0,5.678,15.572,0,0,0,0.185,0,0,3.2329999999999997,0.23800000000000002,0,6.574,8.588000000000001,9.193,0,1.851,0.79,123.48599999999999,0.5589999999999999,0,0.153,0,0,0,0.9289999999999999,3.626,0,0,7.7,11.372,0.529,0,2.556,9.036,0,0,0.11299999999999999,0,0.173,0.14200000000000002,0.126,3.347,0,0,0,3.854,0,0,0.126,269.428,0,0,0,0,0,0,4.391,22.666,0,0,86.852,27.501,0,0,3.0580000000000003,0.97,0,0
"7-Oxabicyclo[2.2.1]heptane, 1-methyl-4-(1-methylethyl)-",1.724,2.78,1.683,2.5289999999999999,0,0,0,0,0,0,0,0,3.4250000000000003,3.02,3.3850000000000002,4.057,2.281,3.469,16.554,3.599,0,0,0,0,0,0,0,0,3.227,3.2940000000000005,2.602,2.572,1.8279999999999998,2.541,7.496,1.8279999999999998,0,0,0,0,0,0,0,0,5.566,6.562,4.139,5.2010000000000005,4.257000000000001,0,24.296000000000003,16.509,0,0,0,0,0,0,0,0,4.485,16.490000000000002,3.484,23.81,3.926,4.271,4.013999999999999,3.5170000000000003,1.724
a Isomethyl ionone,0,0.99,0,0,0,0,0,0,0,1.7469999999999999,0,0,0,5.311,0,0,0,0.81,0,0,0,0,0,0,0,1.431,0,0,0,4.686,0,0,0,1.3450000000000002,0,0,0,0,0,0,0,0.375,0,0,0,0,0,0,0,0.317,0,0,0,0,0,0,0,0.984,0,0,0,9.856,0,0,0,0.777,0,0,0
a-Guaiene,0,0,69.689,0,0,0,0,0,0,0,0.45499999999999996,0,0,0,2.212,0,0,0,56.894999999999996,0,0,0,0,0,0,0,0,0,0,0,2.626,0,0,0,7.068,0,0,0,0,0,0,0,1.106,0,0,0,0,0,0,0,59.36,0,0,0,0,0,0,0,5.02,0,0,0,2.593,0,0,0,1.055,0,0
Allyl heptanoate,0,3.061,0,0,0,0,0,0,0,1.014,0,0,0,3.311,0,0,0,0,0,0,0,0,0,0,0,0,0,0,0,0.732,0,0,0,0,0,0,0,0,0,0,0,0,0,0,0,0,0,0,0,0,0,0,0,0,0,0,0,0.539,0,0,0,16.021,0,0,0,0.643,0,0,0
Ambrox,0,0,0,0,0,0,0,0,0,0.161,0,0,0,0.746,0,0,0,0,0,0,0,0,0,0,0,0.726,0,0,0,1.155,0,0,0,0,0,0,0,0,0,0,0,0.528,0,0,0,0,0,0,0,0.528,0,0,0,0,0,0,0,0.346,0,0,0,0,0,0,0,0,0,0,0
"Azulene, 1,2,3,5,6,7,8,8a-octahydro-1,4-dimethyl-7-(1-methylethenyl)-, [1S-(1a,7a,8a√ü)]-",0,0,2.849,0,0,0,0,0,0,0,0.409,0,0,0,1.872,0,0,0,50.243,0,0,0,0,0,0,0,0,0,0,0,0,0,0,0,3.949,0,0,0,0,0,0,0,0,0,0,0,0.599,0,0,0,45.517,0,0,0,0,0,0,0,0,0,0,0,1.3170000000000002,0,0,0,0.949,0,0
Benzaldehyde,2.2200000000000002,2.5280000000000005,0.995,26.948,0,0,0,0,0.25,0,0,0,0.524,0,0,0,0,0,0,0.738,0,0.297,0,0,0,0,0,0,0,0,0,0.9099999999999999,0,0,0,0,0,0.393,0,0,0.403,0,0.315,0.311,0,0,0,0,0,0,0,0,0,1.5359999999999998,0,0,0,0,0,0,0,0,0,0,0,0,0,0.893,2.2200000000000002
"Benzene, 2-(1,1-dimethylethyl)-1,4-dimethoxy-",0,0,0.851,0,0,0,0,0,0,0,0,0,0,0,0.856,0,0,0,12.186,0,0,0,0,0,0,0,0.8340000000000001,0,0,0,1.469,0,0,0,1.149,0,0,0,0,0,0,0,0.454,0,0,0,0.581,0,0,0,12.991,0,0,0,0,0,0,0,1.087,0,0,0,0,0,0,0,0,0,0
"Benzenemethanol, a-methyl-, acetate",0,4.165,0,0,0,0,0,0,0,1.2489999999999999,0,0,0,2.2800000000000002,0,0,0,0,0,0,0,0,0,0,0,0,0,0,0,1.3519999999999999,0,0,0,0,0,0,0,0,0,0,0,0,0,0,0,0,0,0,0,0,0,0,0,0,0,0,0,0.764,0,0,0,19.457,0,0,0,1.024,0,0,0
Benzyl Benzoate,0.98799999999999999,0,0,9.4149999999999991,0,0.155,0,0,0,0,0,0.099,0,0,0,0.644,0,0,0,1.281,0,0,0,0,0,0,0,0.873,0,0,0,0.688,0,0,0,1.793,0,0,0,0,0,0,0,0.188,0,0,0,0.819,0.502,0,0,3.62,0,0,0,0,0,0,0,0,0,0,0,4.468,0,0,0,1.052,0.98799999999999999
"Bicyclo[2.2.1]heptane, 2,2-dimethyl-3-methylene-, (1R)-",5.6689999999999996,0,6.832000000000001,7.0860000000000003,0,0,0,0,0,0,0,0,9.675,7.143000000000001,11.247,8.889,8.488,7.6770000000000005,51.162,9.157,0,0,0,0,0,0,0,0,9.536,10.184,8.678,12.085999999999999,0,11.432,12.168000000000001,7.486000000000001,0,0,0,0,0,0,0,0,0,22.57,11.248000000000001,13.408,11.466000000000001,0,53.768,0,0,0,0,0,0,0,0,0,9.671999999999999,42.431,9.116999999999999,57.687999999999995,8.214,9.878,11.509,7.085,5.6689999999999996
"Bicyclo[4.1.0]heptane, 3,7,7-trimethyl-, [1S-(1a,3√ü,6a)]-",0,1.53,0,0,0,0,0,0,0,0,0,0,2.961,0,2.8810000000000002,0,2.561,1.2870000000000001,0,2.3369999999999997,0,0,0,0,0,0,0,0,0,0,0,2.962,0,0,0,0,0,0,0,0,0,0,0,0,0,0,0,3.283,0,0,0,0,0,0,0,0,0,0,0,0,0,9.824,0,17.353,2.3890000000000002,0,2.842,0,0
"Bicyclo[4.1.0]heptane, 7-(1-methylethylidene)-",0,0,1.173,0.73099999999999998,0,0,0,0,0,0,0,0,2.291,2.028,2.8810000000000002,2.172,2.2489999999999997,1.88,0,2.761,0,0,0,0,0,0,0,0,2.5829999999999997,2.595,2.336,3.013,2.197,3.101,3.3600000000000003,2.197,0,0,0,0,0,0,0,0,2.122,3.1119999999999997,0.7030000000000001,2.8000000000000003,2.722,0,0,8.567,0,0,0,0,0,0,0,0,3.099,0,2.273,15.03,1.431,2.3569999999999998,2.519,1.6189999999999998,0
"Bicyclo[4.2.0]oct-1-ene, 7-exo-ethenyl-",1.8720000000000001,1.62,1.848,1.5369999999999999,0,0,0,0,0,0,0,0,1.4580000000000002,1.967,1.621,2.308,1.609,1.603,12.451,1.516,0,0,0,0,0,0,0,0,2.59,1.593,1.8920000000000001,0,2.15,1.617,2.226,2.15,0,0,0,0,0,0,0,0,5.205,1.4580000000000002,1.427,1.6500000000000001,1.9220000000000002,0,6.132999999999999,6.082999999999999,0,0,0,0,0,0,0,0,0.958,4.004,1.973,8.724,2.0749999999999997,2.158,1.595,1.966,1.8720000000000001
"Butanoic acid, 1,1-dimethyl-2-phenylethyl ester",0,3.769,0,0,0,0,0,0,0,4.222,0,0,0,14.424999999999999,0,0,0,2.3289999999999997,0,0,0,0,0,0,0,7.115,0,0,0,13.822000000000001,0,0,0,3.883,0,0,0,0,0,0,0,1.4480000000000002,0,0,0,0,0,0,0,1.4480000000000002,0,0,0,0,0,0,0,2.894,0,0,0,25.048,0,0,0,2.784,0,0,0
Caryophyllene,0,3.999,17.977,0,0,0,0,0,0,0,0,0,0,0,0,0,0,0,16.012999999999998,0,0,0,0,0,0,0,0,0,0,0.706,0.901,0,0,0,2.419,0,0,0,0,0,0,0,0,0,0,0,0,0,0,0,16.006,0,0,0,0,0,0,0,1.3769999999999998,0,0,0,0.936,0,0,0,0,0,0
cis-Verbenol,0,0,0,0,0,0,0,0,0,0,0,0,0,0,0,0.9810000000000001,0,0,0,0,0,0,0,0,0,0,0,0,1.058,0,0,0,0,0,0,1.018,0,0,0,0,0,0,0,0,16.283,2.152,0,1.183,1.237,0,0,4.238,0,0,0,0,0,0,0,0,1.2959999999999998,0,0,0,0.8699999999999999,0,0,0,0
"Cycloheptasiloxane, tetradecamethyl-",0,0,0,0,0,0,0,0,0,0,0,0,0,0,0,0,0,0,64.121,0,0,0,0,0,0,0,22.009,0,0,0,0,0,0,0,0,0,0,0,0,0,0,0,0,0,0,0,0,0,0,0,54.003,4.14,0,0,0,0,0,0,0,0,0,75.362,0,3.0020000000000002,0,0,0,0,0
Cyclohexane,0.45600000000000002,0,0,0,0,0.125,0.23099999999999998,0.24,0.27699999999999997,0,0.22499999999999998,0.228,0,0,0,0.532,0,0,0,0,0.295,0.379,0,0,0,0,0,0,0.492,0,0,0,0,0,0,0,0.153,0,0,0.15,0.195,0,0,0.207,0,0,0,0,0.521,0,0,0,0.29000000000000004,0,0,0.301,0,0,0,0,0,0,0,0,0,0.504,0,0,0.45600000000000002
"Cyclohexane, 1-methyl-4-(1-methylethylidene)-",1.698,0,2.47,1.329,0,0,0,0,0,0,0,0,0,2.476,0,2.787,0,0,15.232000000000001,0,0,0,0,0,0,0,0,0,2.8449999999999998,2.857,2.425,0,0,3.404,4.207,2.212,0,0,0,0,0,0,0,0,2.205,3.8329999999999997,2.702,0,3.024,0,0,10.529,0,0,0,0,0,0,0,0,2.431,0,2.529,0,0,0,0,2.4610000000000003,1.698
"Cyclohexane, 1-methylene-4-(1-methylethenyl)-",82.806999999999988,107.459,94.459,103.527,0,0,0,0,0,0,0,0,117.585,94.566,128.882,105.878,105.967,94.551,638.831,120.548,0,0,0,0,0,0,0,0,116.485,125.964,106.032,120.036,96.622,134.458,147.035,96.622,0,0,0,0,0,0,0,0,99.641,147.953,109.689,127.648,119.66300000000001,0,875.423,416.984,0,0,0,0,0,0,0,0,137.012,579.1790000000001,109.826,734.312,101.542,117.553,123.042,93.089,82.806999999999988
"Cyclohexanol, 2-methyl-5-(1-methylethenyl)-, (1a,2a,5√ü)-",0,0,0,0,0,0,0,0,0,0,0.117,0,0,0,0,1.1749999999999998,0,0,0,0,0,0,0,0,0,0,0,0,0,0,0,0,0,0,0,0,0,0,0,0,0,0,0,0,2.1990000000000003,0,0,1.203,0.922,0,0,0,0,0,0,0,0,0,0,0,0.973,0,0,0,1.079,0,0,0,0
D-Limonene,8.629999999999999,86.54400000000001,62.62,11.958,0.28600000000000003,0.194,0,0.193,0,3.4410000000000003,0,0.19199999999999998,12.779,24.089,14.117999999999999,11.013,11.087,10.42,79.302,15.423,0,0,0,0,0,0,0.762,0,12.474,15.412999999999998,13.108,12.24,11.152,16.171,18.926000000000002,11.152,0,0,0,0,0,0,0,0,14.690000000000001,18.996,11.783999999999999,14.74,12.959,0,140.65699999999998,47.931,0,0,0,0,0,1.163,2.5740000000000003,0,15.326,120.322,15.280000000000001,78.941,10.83,12.325,13.036000000000001,9.882,8.629999999999999
Decanal,1.57,0,1.528,2.1339999999999999,0.96,1.065,2.136,0.8150000000000001,1.879,1.827,0.8400000000000001,0.959,4.38,4.0360000000000005,4.551,2.069,3.245,1.2759999999999998,16.088,1.8010000000000002,2.641,2.62,2.294,1.7910000000000001,1.662,2.882,2.804,4.4559999999999995,2.9530000000000003,5.409000000000001,4.16,4.062,5.667999999999999,5.244999999999999,6.3790000000000004,5.667999999999999,0.912,2.117,3.126,1.681,2.419,1.4749999999999999,1.387,0.782,18.844,5.558999999999999,3.173,1.937,6.4,1.4749999999999999,13.246,31.720000000000002,0.761,2.0060000000000002,1.172,1.172,0.842,1.3439999999999999,0.953,2.0949999999999998,2.745,19.922,2.233,11.767000000000001,1.353,1.757,1.565,1.8559999999999999,1.57
"Ethanol, 2-phenoxy-",0,0,5.305,0,0,0,0,0,0,0,0.9410000000000001,0,0,0,7.865,0,0,0,20.378,0,0,0,0,0,0,0,0,0,0,0,0.6819999999999999,0,0,0,2.821,0,0,0,0,0,0,0,0.66,0,0,0,1.07,0,0,0,16.226,0,0,0,0,0,0,0,2.7700000000000005,0,0,0,1.186,0,0,0,0.54,0,0
Hexadecane,1.1379999999999999,5.776,0,0,0,0,0,0,0,0,0,0,0,1.016,0,0,0,0,0,0,0,0,0,0,0,0.8599999999999999,2.241,0,0,1.137,0,0,0,0,0,0,0,0,0,0,0,0,0,0,1.9769999999999999,0,0,0,0,0,0,0,0,0,0,0,0,0.33099999999999996,0,0,0,3.065,0,0,0,0.683,0,0,1.1379999999999999
"Indan-1,3-diol monoacetate",0,0,0,0,0.248,0,0,0,0,0,0.149,0,1.079,0,0,0.45499999999999996,0.665,0,0,0,0.154,0.11499999999999999,0,0,0,0,0,0,0,0,0,0,0,0,0,0,0.132,0,0,0,0,0,0,0,0,0,0,0,0,0,0,0,0,0,0,0,0,0,0,0,0,0,0,0,0,0,0,0,0
L-a-Terpineol,0,0,0,0,0,0,0,0,0,0,0,0,0.609,0,0,0,1.9500000000000002,0,0,0,0,0,0,0,0,0,0,0,0,0,0,0,0,0,0,0,0,0,0,0,0,0,0,0,0,0,0,0,0,0,0,0,0,0,0,0,0,0,0,0,0,0,0,0,0,0,0,0,0
Lilial,0,6.166,0,0,0,0,0,0,0,6.3580000000000005,0,0,0,22.883,0,0,0,5.225,4.175,0,0,0,0,0,0,13.581000000000001,0,0.123,0,32.894999999999996,0.5589999999999999,0,0,8.454,0,0,0,0.509,0.092,0.124,0.1,5.7330000000000005,0,0,0,2.5669999999999997,0,0,0,5.7330000000000005,0,0,0,0,0,0,0,5.2010000000000005,0,0,0,47.006,0,0,0,5.463,0,0,0
Linalool,1.4590000000000001,23.999,19.506,0,0,0,0,0,0,11.388,0,0,3.8840000000000003,27.935,11.803999999999998,0,4.363,1.8210000000000002,134.963,0,0,0,0,0,0,5.183999999999999,4.199,0,0,27.728,12.018,0,0,5.686999999999999,10.661000000000001,0,0,0,0,0,0,0,3.099,0,0,0,4.711,0,0,0,279.802,0,0,0,0,0,0,14.014,21.558,0,0,264.588,26.999,0,0,12.242999999999999,1.8279999999999998,0,1.4590000000000001
m-Camphorene,2.1419999999999999,2.233,2.048,5.7650000000000006,0,0,0,0,0,0,0,0,0.5700000000000001,5.4159999999999995,0.939,3.665,1.1300000000000001,4.783,71.106,1.2850000000000001,0,0,0,0,0,0,0,0,2.105,0.777,0.6819999999999999,1.847,7.055,1.4480000000000002,1.021,7.055,0,0,0,0,0,0,0,0,16.933,2.2359999999999998,1.113,0.6779999999999999,1.645,0,136.248,12.702,0,0,0,0,0,0,0,0,4.111000000000001,60.244,8.068999999999999,24.572,3.83,0.878,0.707,0.906,2.1419999999999999
Myroxide,0.58899999999999997,0,0,1.254,0,0,0,0,0,0,0,0,1.207,1.7069999999999999,1.25,1.236,0.996,1.636,5.743,0,0,0,0,0,0,0,0,0,1.199,1.051,0.9760000000000001,0,0,0,0,0,0,0,0,0,0,0,0,0,0,0,1.8579999999999999,0,1.683,0,8.767,6.027,0,0,0,0,0,0,0,0,0,0,1.218,0,1.6880000000000002,0,0,0,0.58899999999999997
n-Hexyl salicylate,0,6.077,0,0,0,0,0,0,0,0,0,0,0,0.896,0,0,0,0,0,0,0,0,0,0,0,0,0,0,0,0.992,0,0,0,0,0,0,0,0,0,0,0,0.387,0,0,0,0.861,0,0,0,0.387,0,0,0,0,0,0,0,0,0,0,0,0,0,0,0,0,0,0,0
Nonanal,8.1539999999999999,10.989,8.262,10.149999999999999,0,0,2.857,0,5.011,1.682,1.213,0,1.37,2.2239999999999998,2.0869999999999997,0,2.156,2.346,42.557,0.13,0,0.251,0.454,0,2.0949999999999998,5.255,1.5310000000000001,5.471,0.963,1.097,2.404,2.3899999999999997,4.197,3.7640000000000002,2.384,4.197,0,0,0.776,0,3.706,5.4030000000000005,0.333,0.619,8.411999999999999,0,0,0,0,5.4030000000000005,29.544999999999998,9.620999999999999,0,1.082,0,0,2.736,1.464,1.5,0,1.8679999999999999,20.637,1.691,15.611999999999998,0,0,0,0,8.1539999999999999
"Octanal, 2-(phenylmethylene)-",0,2.517,1.114,0,0,0,0,0,0,0,0,0,0,0.813,0,0,0,0,4.805,0,0,0,0,0,0,0,0,0,0,1.6600000000000001,1.007,0,0,1.017,0,0,0,0,0,0,0,0.535,0,0,0,0.856,0,0,0,0.535,0,0,0,0,0,0,0,0,0,0,0,0,0,0,0,0,0,0,0
"Octane, 1,1'-oxybis-",0,13.889,0,0,0,0,0,0,0,0,0,0,0,0,0,0,0,0,0,0,0,0.42200000000000004,0,0,0,0,0,0,0,4.528,0,0.5700000000000001,0,0,0,0,0,0,0,0,0,0,0,0,0,0.598,0,0,0,0,0,0,0,0,0,0,0,0.576,0,0,0,0,0,0,0,0.531,0,0,0
ortho tert-Butyl cyclohexyl acetate,0,7.086,0,0,0.65,0,0,0,0,6.6739999999999995,0,0,1.795,17.826,0,0,1.129,0.59,0,0.9660000000000001,0.249,0,0,0,0,1.557,0,0,0,7.788,0,0,0,1.42,0,0,0.27699999999999997,0.727,0,0,0,0.126,0,0.098,0,0,0,0,0,0,0,0,0,0,0,0,0,4.210999999999999,0,0,0,63.45399999999999,0,0,0,1.715,0,0,0
p-Camphorene,1.0230000000000001,1.366,1.227,1.1200000000000001,0,0,0,0,0,0,0,0,0.988,0.8340000000000001,1.7469999999999999,0.644,2.251,0.9089999999999999,12.364999999999998,0.721,0,0,0,0,0,0,0,0,1.016,1.135,0.747,1.1360000000000001,4.123,0.858,1.752,4.123,0,0,0,0,0,0,0,0,7.149,1.309,2.08,1.503,0.9520000000000001,0,30.261999999999997,2.464,0,0,0,0,0,0,0,0,0.73,10.857000000000001,1.5759999999999998,4.043,0.7889999999999999,2.359,0,0.529,1.0230000000000001
Patchouli alcohol,0,0,0,0,0,0,0,0,0,0,0.262,0,0,0,1.4849999999999999,0,0,0,14.556000000000001,0,0,0,0,0,0,0,0,0,0,0,1.953,0,0,0,2.432,0,0,0,0,0,0,0,0.593,0,0,0,1.083,0,0,0,16.806,0,0,0,0,0,0,0,0.862,0,0,0,0,0,0,0,0.484,0,0
"Pentanoic acid, 2,2,4-trimethyl-3-carboxyisopropyl, isobutyl ester",0,0,0,0,0,0,0.311,0,0,0,0,0,0,0,0,0,0,0,4.259,0,0.44999999999999996,0,0,0,0.366,0.732,0,0,0.5700000000000001,0.6519999999999999,0,0,0,0,0,0,0,0,0.20299999999999999,0.349,0.33099999999999996,0,0,0,0.8400000000000001,0,0,0,0,0,0,0,0,0,0,0,0,0,0,0,0,0,0,0,0,0,0,0,0
Santolina triene,1.714,2.196,1.671,0.90399999999999991,0,0,0,0,0,0,0,0,0.5700000000000001,0.932,1.06,0.748,0.635,0.475,19.371000000000002,0.696,0,0,0,0,0,0,0,0,1.924,0.766,1.319,1.012,0.6669999999999999,0.737,0.7530000000000001,0.6669999999999999,0,0,0,0,0,0,0,0,0,0.9550000000000001,2.392,0,0.633,0,10.333000000000002,44.132,0,0,0,0,0,0,0,0,0.55,14.86,0.766,9.274000000000001,2.02,0.68,0.6519999999999999,0.775,1.714
Seychellene,0,0,38.856,0,0,0,0,0,0,0,0.309,0,0,0,0,0,0,0,27.025000000000002,0,0,0,0,0,0,0,0,0,0,0,1.626,0,0,0,4.056,0,0,0,0,0,0,0,0.578,0,0,0,0,0,0,0,24.070999999999998,0,0,0,0,0,0,0,0,0,0,0,0,0,0,0,0.6379999999999999,0,0
"Tetracontane, 3,5,24-trimethyl-",0.43099999999999999,0.741,0,0,0,0.173,0.214,0.151,0,0.283,0,0.207,0.522,0,0,0.514,0.71,0,0,0,0.133,0.245,0,0,0.52,0.926,0,0.307,0,0,0.707,0,0,0.666,0,0.9420000000000001,0.28,0.23900000000000002,0.28600000000000003,0.36700000000000005,0.536,0.063,0.594,0.2,0,1.006,1.251,0,0.551,0.063,0,0,0.32099999999999995,0.391,0.269,0.269,0,0.443,0.7240000000000001,0,0,0,0,0,0.538,0.591,0,0.474,0.43099999999999999
Tetradecane,0.83199999999999996,15.497,0.99,0,0,0,0,0,0,1.4569999999999999,0,0,0,2.743,0,0,0.79,0,5.979,0,0,0,0.5800000000000001,0,0,1.534,0.675,0,0,2.479,0,0,0,0,0,0,0,0,0,0,0,0,0,0,0,0,0,0,0,0,6.627999999999999,0,0,0.5920000000000001,0,0,0,1.268,0,0,0,7.416,0,0,0,1.8679999999999999,0,0,0.83199999999999996
"Tetradecane, 2,6,10-trimethyl-",1.1300000000000001,0,0,0,0.137,0,0.188,0,0.236,0.20400000000000001,0.19699999999999998,0.138,0,1.102,0,0,0.511,0.669,4.237,0,0.10300000000000001,0.097,0.529,0,0.12,0.905,0,0.123,0.468,0,0.584,0.716,0,0.7230000000000001,0,0,0,0.129,0.147,0.13599999999999998,0.306,0.21999999999999997,0.151,0,0.833,0.8119999999999999,0,0,0,0.21999999999999997,3.931,0,0.368,0,0,0,0,0.458,0.8550000000000001,0,0,0,0,0,0,0,0,0,1.1300000000000001
trans-2-Nonenal,5.6970000000000001,10.301,7.302999999999999,10.678000000000001,0,0,1.914,0,0,1.433,0,0,3.734,2.719,1.557,0,1.131,0,33.117999999999995,2.66,0,1.696,0,0,0,0,0,1.528,0,1.577,2.129,3.458,2.872,2.5,2.934,2.872,0,1.482,1.293,0,4.582,0,1.072,0,0,0,0,0,0,0,14.961,0,0,6.97,0,0,0,0,0,0,0,4.151,1.199,9.565,0,0,0,1.187,5.6970000000000001
Tridecanal,0,0,0,0,0,0,0.387,0.14300000000000002,0.233,0.137,0.129,0.15800000000000003,0,0,0,0.492,0,0,0,0.498,0.372,0.256,0,0,0.179,0,0,0.28500000000000003,0.517,0.8150000000000001,0,0.843,0,0.567,0,0.827,0.161,0,0.19199999999999998,0.243,0.34099999999999997,0,0,0.16,0,0.72,0.584,0,1.036,0,4.852,4.019,0,0,0,0,0,0,0,0,0,0,0,0,0.433,0,0,0,0
